stimulus	phenotype	receptor	exposure	source
http://purl.obolibrary.org/obo/ECTO_0001431,http://purl.obolibrary.org/obo/UBERON_0000071,http://purl.obolibrary.org/obo/NCBITaxon_7955,EXP_0,Biobide
http://purl.obolibrary.org/obo/ECTO_0001431,http://purl.obolibrary.org/obo/ZP_0002314,http://purl.obolibrary.org/obo/NCBITaxon_7955,EXP_1,Biobide
http://purl.obolibrary.org/obo/ECTO_0001431,http://purl.obolibrary.org/obo/ZP_0000043,http://purl.obolibrary.org/obo/NCBITaxon_7955,EXP_2,Biobide
http://purl.obolibrary.org/obo/ECTO_0001431,http://purl.obolibrary.org/obo/ZP_0005892,http://purl.obolibrary.org/obo/NCBITaxon_7955,EXP_3,Biobide
http://purl.obolibrary.org/obo/ECTO_0001431,http://purl.obolibrary.org/obo/ZP_0002347,http://purl.obolibrary.org/obo/NCBITaxon_7955,EXP_4,Biobide
http://purl.obolibrary.org/obo/ECTO_0001431,http://purl.obolibrary.org/obo/ZP_0010821,http://purl.obolibrary.org/obo/NCBITaxon_7955,EXP_5,Biobide
http://purl.obolibrary.org/obo/ECTO_0001431,http://purl.obolibrary.org/obo/ZP_0002198,http://purl.obolibrary.org/obo/NCBITaxon_7955,EXP_6,Biobide
http://purl.obolibrary.org/obo/ECTO_0001431,http://purl.obolibrary.org/obo/ZP_0003211,http://purl.obolibrary.org/obo/NCBITaxon_7955,EXP_7,Biobide
http://purl.obolibrary.org/obo/ECTO_0002271,http://purl.obolibrary.org/obo/UBERON_0000071,http://purl.obolibrary.org/obo/NCBITaxon_7955,EXP_8,Biobide
http://purl.obolibrary.org/obo/ECTO_0002271,http://purl.obolibrary.org/obo/ZP_0002314,http://purl.obolibrary.org/obo/NCBITaxon_7955,EXP_9,Biobide
http://purl.obolibrary.org/obo/ECTO_0002271,http://purl.obolibrary.org/obo/ZP_0000043,http://purl.obolibrary.org/obo/NCBITaxon_7955,EXP_10,Biobide
http://purl.obolibrary.org/obo/ECTO_0002271,http://purl.obolibrary.org/obo/ZP_0005892,http://purl.obolibrary.org/obo/NCBITaxon_7955,EXP_11,Biobide
http://purl.obolibrary.org/obo/ECTO_0002271,http://purl.obolibrary.org/obo/ZP_0012799,http://purl.obolibrary.org/obo/NCBITaxon_7955,EXP_12,Biobide
http://purl.obolibrary.org/obo/ECTO_0002271,http://purl.obolibrary.org/obo/ZP_0002347,http://purl.obolibrary.org/obo/NCBITaxon_7955,EXP_13,Biobide
http://purl.obolibrary.org/obo/ECTO_0002271,http://purl.obolibrary.org/obo/ZP_0010821,http://purl.obolibrary.org/obo/NCBITaxon_7955,EXP_14,Biobide
http://purl.obolibrary.org/obo/ECTO_0002271,http://purl.obolibrary.org/obo/ZP_0002198,http://purl.obolibrary.org/obo/NCBITaxon_7955,EXP_15,Biobide
http://purl.obolibrary.org/obo/ECTO_0002271,http://purl.obolibrary.org/obo/ZP_0000398,http://purl.obolibrary.org/obo/NCBITaxon_7955,EXP_16,Biobide
http://purl.obolibrary.org/obo/ECTO_0001602,http://purl.obolibrary.org/obo/ZP_0002314,http://purl.obolibrary.org/obo/NCBITaxon_7955,EXP_17,Biobide
http://purl.obolibrary.org/obo/ECTO_0001602,http://purl.obolibrary.org/obo/ZP_0005892,http://purl.obolibrary.org/obo/NCBITaxon_7955,EXP_18,Biobide
http://purl.obolibrary.org/obo/ECTO_0001602,http://purl.obolibrary.org/obo/ZP_0012799,http://purl.obolibrary.org/obo/NCBITaxon_7955,EXP_19,Biobide
http://purl.obolibrary.org/obo/ECTO_0001602,http://purl.obolibrary.org/obo/ZP_0002347,http://purl.obolibrary.org/obo/NCBITaxon_7955,EXP_20,Biobide
http://purl.obolibrary.org/obo/ECTO_0001646,http://purl.obolibrary.org/obo/UBERON_0000071,http://purl.obolibrary.org/obo/NCBITaxon_7955,EXP_21,Biobide
http://purl.obolibrary.org/obo/ECTO_0001646,http://purl.obolibrary.org/obo/ZP_0002314,http://purl.obolibrary.org/obo/NCBITaxon_7955,EXP_22,Biobide
http://purl.obolibrary.org/obo/ECTO_0001646,http://purl.obolibrary.org/obo/ZP_0002347,http://purl.obolibrary.org/obo/NCBITaxon_7955,EXP_23,Biobide
http://purl.obolibrary.org/obo/ECTO_0001646,http://purl.obolibrary.org/obo/ZP_0004969,http://purl.obolibrary.org/obo/NCBITaxon_7955,EXP_24,Biobide
http://purl.obolibrary.org/obo/ECTO_0000456,http://purl.obolibrary.org/obo/UBERON_0000071,http://purl.obolibrary.org/obo/NCBITaxon_7955,EXP_25,Biobide
http://purl.obolibrary.org/obo/ECTO_0000456,http://purl.obolibrary.org/obo/ZP_0002314,http://purl.obolibrary.org/obo/NCBITaxon_7955,EXP_26,Biobide
http://purl.obolibrary.org/obo/ECTO_0000456,http://purl.obolibrary.org/obo/ZP_0000043,http://purl.obolibrary.org/obo/NCBITaxon_7955,EXP_27,Biobide
http://purl.obolibrary.org/obo/ECTO_0000456,http://purl.obolibrary.org/obo/ZP_0005892,http://purl.obolibrary.org/obo/NCBITaxon_7955,EXP_28,Biobide
http://purl.obolibrary.org/obo/ECTO_0000456,http://purl.obolibrary.org/obo/ZP_0012799,http://purl.obolibrary.org/obo/NCBITaxon_7955,EXP_29,Biobide
http://purl.obolibrary.org/obo/ECTO_0000456,http://purl.obolibrary.org/obo/ZP_0002347,http://purl.obolibrary.org/obo/NCBITaxon_7955,EXP_30,Biobide
http://purl.obolibrary.org/obo/ECTO_0000456,http://purl.obolibrary.org/obo/ZP_0010821,http://purl.obolibrary.org/obo/NCBITaxon_7955,EXP_31,Biobide
http://purl.obolibrary.org/obo/ECTO_0000456,http://purl.obolibrary.org/obo/ZP_0002198,http://purl.obolibrary.org/obo/NCBITaxon_7955,EXP_32,Biobide
http://purl.obolibrary.org/obo/ECTO_0000456,http://purl.obolibrary.org/obo/ZP_0003211,http://purl.obolibrary.org/obo/NCBITaxon_7955,EXP_33,Biobide
http://purl.obolibrary.org/obo/ECTO_0001251,http://purl.obolibrary.org/obo/UBERON_0000071,http://purl.obolibrary.org/obo/NCBITaxon_7955,EXP_34,Biobide
http://purl.obolibrary.org/obo/ECTO_0001251,http://purl.obolibrary.org/obo/ZP_0002314,http://purl.obolibrary.org/obo/NCBITaxon_7955,EXP_35,Biobide
http://purl.obolibrary.org/obo/ECTO_0001251,http://purl.obolibrary.org/obo/ZP_0005892,http://purl.obolibrary.org/obo/NCBITaxon_7955,EXP_36,Biobide
http://purl.obolibrary.org/obo/ECTO_0001251,http://purl.obolibrary.org/obo/ZP_0012799,http://purl.obolibrary.org/obo/NCBITaxon_7955,EXP_37,Biobide
http://purl.obolibrary.org/obo/ECTO_0001251,http://purl.obolibrary.org/obo/ZP_0002347,http://purl.obolibrary.org/obo/NCBITaxon_7955,EXP_38,Biobide
http://purl.obolibrary.org/obo/ECTO_0001251,http://purl.obolibrary.org/obo/ZP_0010821,http://purl.obolibrary.org/obo/NCBITaxon_7955,EXP_39,Biobide
http://purl.obolibrary.org/obo/ECTO_0001251,http://purl.obolibrary.org/obo/ZP_0002198,http://purl.obolibrary.org/obo/NCBITaxon_7955,EXP_40,Biobide
http://purl.obolibrary.org/obo/ECTO_0001346,http://purl.obolibrary.org/obo/UBERON_0000071,http://purl.obolibrary.org/obo/NCBITaxon_7955,EXP_41,Biobide
http://purl.obolibrary.org/obo/ECTO_0001346,http://purl.obolibrary.org/obo/ZP_0002314,http://purl.obolibrary.org/obo/NCBITaxon_7955,EXP_42,Biobide
http://purl.obolibrary.org/obo/ECTO_0001346,http://purl.obolibrary.org/obo/ZP_0000043,http://purl.obolibrary.org/obo/NCBITaxon_7955,EXP_43,Biobide
http://purl.obolibrary.org/obo/ECTO_0001346,http://purl.obolibrary.org/obo/ZP_0005892,http://purl.obolibrary.org/obo/NCBITaxon_7955,EXP_44,Biobide
http://purl.obolibrary.org/obo/ECTO_0001346,http://purl.obolibrary.org/obo/ZP_0012799,http://purl.obolibrary.org/obo/NCBITaxon_7955,EXP_45,Biobide
http://purl.obolibrary.org/obo/ECTO_0001346,http://purl.obolibrary.org/obo/ZP_0002347,http://purl.obolibrary.org/obo/NCBITaxon_7955,EXP_46,Biobide
http://purl.obolibrary.org/obo/ECTO_0001346,http://purl.obolibrary.org/obo/ZP_0004969,http://purl.obolibrary.org/obo/NCBITaxon_7955,EXP_47,Biobide
http://purl.obolibrary.org/obo/ECTO_0001346,http://purl.obolibrary.org/obo/ZP_0010821,http://purl.obolibrary.org/obo/NCBITaxon_7955,EXP_48,Biobide
http://purl.obolibrary.org/obo/ECTO_0001346,http://purl.obolibrary.org/obo/ZP_0002198,http://purl.obolibrary.org/obo/NCBITaxon_7955,EXP_49,Biobide
http://purl.obolibrary.org/obo/ECTO_0001346,http://purl.obolibrary.org/obo/ZP_0003211,http://purl.obolibrary.org/obo/NCBITaxon_7955,EXP_50,Biobide
http://purl.obolibrary.org/obo/ECTO_0001346,http://purl.obolibrary.org/obo/ZP_0000398,http://purl.obolibrary.org/obo/NCBITaxon_7955,EXP_51,Biobide
http://purl.obolibrary.org/obo/ECTO_0000970,http://purl.obolibrary.org/obo/ZP_0009598,http://purl.obolibrary.org/obo/NCBITaxon_7955,EXP_52,Biobide
http://purl.obolibrary.org/obo/ECTO_0000970,http://purl.obolibrary.org/obo/ZP_0002314,http://purl.obolibrary.org/obo/NCBITaxon_7955,EXP_53,Biobide
http://purl.obolibrary.org/obo/ECTO_0000970,http://purl.obolibrary.org/obo/ZP_0005892,http://purl.obolibrary.org/obo/NCBITaxon_7955,EXP_54,Biobide
http://purl.obolibrary.org/obo/ECTO_0000970,http://purl.obolibrary.org/obo/ZP_0002347,http://purl.obolibrary.org/obo/NCBITaxon_7955,EXP_55,Biobide
http://purl.obolibrary.org/obo/ECTO_0000970,http://purl.obolibrary.org/obo/ZP_0010821,http://purl.obolibrary.org/obo/NCBITaxon_7955,EXP_56,Biobide
http://purl.obolibrary.org/obo/ECTO_0000970,http://purl.obolibrary.org/obo/ZP_0002198,http://purl.obolibrary.org/obo/NCBITaxon_7955,EXP_57,Biobide
http://purl.obolibrary.org/obo/ECTO_0001854,http://purl.obolibrary.org/obo/ZP_0009598,http://purl.obolibrary.org/obo/NCBITaxon_7955,EXP_58,Biobide
http://purl.obolibrary.org/obo/ECTO_0001854,http://purl.obolibrary.org/obo/ZP_0002314,http://purl.obolibrary.org/obo/NCBITaxon_7955,EXP_59,Biobide
http://purl.obolibrary.org/obo/ECTO_0001854,http://purl.obolibrary.org/obo/ZP_0005892,http://purl.obolibrary.org/obo/NCBITaxon_7955,EXP_60,Biobide
http://purl.obolibrary.org/obo/ECTO_0001854,http://purl.obolibrary.org/obo/ZP_0012799,http://purl.obolibrary.org/obo/NCBITaxon_7955,EXP_61,Biobide
http://purl.obolibrary.org/obo/ECTO_0001854,http://purl.obolibrary.org/obo/ZP_0002347,http://purl.obolibrary.org/obo/NCBITaxon_7955,EXP_62,Biobide
http://purl.obolibrary.org/obo/ECTO_0001854,http://purl.obolibrary.org/obo/ZP_0002198,http://purl.obolibrary.org/obo/NCBITaxon_7955,EXP_63,Biobide
http://purl.obolibrary.org/obo/ECTO_0001547,http://purl.obolibrary.org/obo/ZP_0002347,http://purl.obolibrary.org/obo/NCBITaxon_7955,EXP_64,Biobide
http://purl.obolibrary.org/obo/ECTO_0001464,http://purl.obolibrary.org/obo/UBERON_0000071,http://purl.obolibrary.org/obo/NCBITaxon_7955,EXP_65,Biobide
http://purl.obolibrary.org/obo/ECTO_0001464,http://purl.obolibrary.org/obo/ZP_0002314,http://purl.obolibrary.org/obo/NCBITaxon_7955,EXP_66,Biobide
http://purl.obolibrary.org/obo/ECTO_0001464,http://purl.obolibrary.org/obo/ZP_0000043,http://purl.obolibrary.org/obo/NCBITaxon_7955,EXP_67,Biobide
http://purl.obolibrary.org/obo/ECTO_0001464,http://purl.obolibrary.org/obo/ZP_0005892,http://purl.obolibrary.org/obo/NCBITaxon_7955,EXP_68,Biobide
http://purl.obolibrary.org/obo/ECTO_0001464,http://purl.obolibrary.org/obo/ZP_0012799,http://purl.obolibrary.org/obo/NCBITaxon_7955,EXP_69,Biobide
http://purl.obolibrary.org/obo/ECTO_0001464,http://purl.obolibrary.org/obo/ZP_0002347,http://purl.obolibrary.org/obo/NCBITaxon_7955,EXP_70,Biobide
http://purl.obolibrary.org/obo/ECTO_0001464,http://purl.obolibrary.org/obo/ZP_0004969,http://purl.obolibrary.org/obo/NCBITaxon_7955,EXP_71,Biobide
http://purl.obolibrary.org/obo/ECTO_0001464,http://purl.obolibrary.org/obo/ZP_0010821,http://purl.obolibrary.org/obo/NCBITaxon_7955,EXP_72,Biobide
http://purl.obolibrary.org/obo/ECTO_0001464,http://purl.obolibrary.org/obo/ZP_0002198,http://purl.obolibrary.org/obo/NCBITaxon_7955,EXP_73,Biobide
http://purl.obolibrary.org/obo/ECTO_0002222,http://purl.obolibrary.org/obo/UBERON_0000071,http://purl.obolibrary.org/obo/NCBITaxon_7955,EXP_74,Biobide
http://purl.obolibrary.org/obo/ECTO_0002222,http://purl.obolibrary.org/obo/ZP_0002314,http://purl.obolibrary.org/obo/NCBITaxon_7955,EXP_75,Biobide
http://purl.obolibrary.org/obo/ECTO_0002222,http://purl.obolibrary.org/obo/ZP_0000043,http://purl.obolibrary.org/obo/NCBITaxon_7955,EXP_76,Biobide
http://purl.obolibrary.org/obo/ECTO_0002222,http://purl.obolibrary.org/obo/ZP_0005892,http://purl.obolibrary.org/obo/NCBITaxon_7955,EXP_77,Biobide
http://purl.obolibrary.org/obo/ECTO_0002222,http://purl.obolibrary.org/obo/ZP_0012799,http://purl.obolibrary.org/obo/NCBITaxon_7955,EXP_78,Biobide
http://purl.obolibrary.org/obo/ECTO_0002222,http://purl.obolibrary.org/obo/ZP_0002347,http://purl.obolibrary.org/obo/NCBITaxon_7955,EXP_79,Biobide
http://purl.obolibrary.org/obo/ECTO_0002222,http://purl.obolibrary.org/obo/ZP_0010821,http://purl.obolibrary.org/obo/NCBITaxon_7955,EXP_80,Biobide
http://purl.obolibrary.org/obo/ECTO_0002222,http://purl.obolibrary.org/obo/ZP_0002198,http://purl.obolibrary.org/obo/NCBITaxon_7955,EXP_81,Biobide
http://purl.obolibrary.org/obo/ECTO_0002222,http://purl.obolibrary.org/obo/ZP_0003211,http://purl.obolibrary.org/obo/NCBITaxon_7955,EXP_82,Biobide
http://purl.obolibrary.org/obo/ECTO_0002005,http://purl.obolibrary.org/obo/UBERON_0000071,http://purl.obolibrary.org/obo/NCBITaxon_7955,EXP_83,Biobide
http://purl.obolibrary.org/obo/ECTO_0002005,http://purl.obolibrary.org/obo/ZP_0002314,http://purl.obolibrary.org/obo/NCBITaxon_7955,EXP_84,Biobide
http://purl.obolibrary.org/obo/ECTO_0002005,http://purl.obolibrary.org/obo/ZP_0000043,http://purl.obolibrary.org/obo/NCBITaxon_7955,EXP_85,Biobide
http://purl.obolibrary.org/obo/ECTO_0002005,http://purl.obolibrary.org/obo/ZP_0005892,http://purl.obolibrary.org/obo/NCBITaxon_7955,EXP_86,Biobide
http://purl.obolibrary.org/obo/ECTO_0002005,http://purl.obolibrary.org/obo/ZP_0012799,http://purl.obolibrary.org/obo/NCBITaxon_7955,EXP_87,Biobide
http://purl.obolibrary.org/obo/ECTO_0002005,http://purl.obolibrary.org/obo/ZP_0002347,http://purl.obolibrary.org/obo/NCBITaxon_7955,EXP_88,Biobide
http://purl.obolibrary.org/obo/ECTO_0002005,http://purl.obolibrary.org/obo/ZP_0010821,http://purl.obolibrary.org/obo/NCBITaxon_7955,EXP_89,Biobide
http://purl.obolibrary.org/obo/ECTO_0002005,http://purl.obolibrary.org/obo/ZP_0002198,http://purl.obolibrary.org/obo/NCBITaxon_7955,EXP_90,Biobide
http://purl.obolibrary.org/obo/ECTO_0002005,http://purl.obolibrary.org/obo/ZP_0003211,http://purl.obolibrary.org/obo/NCBITaxon_7955,EXP_91,Biobide
http://purl.obolibrary.org/obo/ECTO_0002005,http://purl.obolibrary.org/obo/ZP_0000398,http://purl.obolibrary.org/obo/NCBITaxon_7955,EXP_92,Biobide
http://purl.obolibrary.org/obo/ECTO_0001219,http://purl.obolibrary.org/obo/UBERON_0000071,http://purl.obolibrary.org/obo/NCBITaxon_7955,EXP_93,Biobide
http://purl.obolibrary.org/obo/ECTO_0001219,http://purl.obolibrary.org/obo/ZP_0002314,http://purl.obolibrary.org/obo/NCBITaxon_7955,EXP_94,Biobide
http://purl.obolibrary.org/obo/ECTO_0001219,http://purl.obolibrary.org/obo/ZP_0000043,http://purl.obolibrary.org/obo/NCBITaxon_7955,EXP_95,Biobide
http://purl.obolibrary.org/obo/ECTO_0001219,http://purl.obolibrary.org/obo/ZP_0005892,http://purl.obolibrary.org/obo/NCBITaxon_7955,EXP_96,Biobide
http://purl.obolibrary.org/obo/ECTO_0001219,http://purl.obolibrary.org/obo/ZP_0012799,http://purl.obolibrary.org/obo/NCBITaxon_7955,EXP_97,Biobide
http://purl.obolibrary.org/obo/ECTO_0001219,http://purl.obolibrary.org/obo/ZP_0002347,http://purl.obolibrary.org/obo/NCBITaxon_7955,EXP_98,Biobide
http://purl.obolibrary.org/obo/ECTO_0001219,http://purl.obolibrary.org/obo/ZP_0010821,http://purl.obolibrary.org/obo/NCBITaxon_7955,EXP_99,Biobide
http://purl.obolibrary.org/obo/ECTO_0001219,http://purl.obolibrary.org/obo/ZP_0002198,http://purl.obolibrary.org/obo/NCBITaxon_7955,EXP_100,Biobide
http://purl.obolibrary.org/obo/ECTO_0001219,http://purl.obolibrary.org/obo/ZP_0003211,http://purl.obolibrary.org/obo/NCBITaxon_7955,EXP_101,Biobide
http://purl.obolibrary.org/obo/ECTO_0002131,http://purl.obolibrary.org/obo/ZP_0009598,http://purl.obolibrary.org/obo/NCBITaxon_7955,EXP_102,Biobide
http://purl.obolibrary.org/obo/ECTO_0002131,http://purl.obolibrary.org/obo/ZP_0002314,http://purl.obolibrary.org/obo/NCBITaxon_7955,EXP_103,Biobide
http://purl.obolibrary.org/obo/ECTO_0002131,http://purl.obolibrary.org/obo/ZP_0000043,http://purl.obolibrary.org/obo/NCBITaxon_7955,EXP_104,Biobide
http://purl.obolibrary.org/obo/ECTO_0002131,http://purl.obolibrary.org/obo/ZP_0005892,http://purl.obolibrary.org/obo/NCBITaxon_7955,EXP_105,Biobide
http://purl.obolibrary.org/obo/ECTO_0002131,http://purl.obolibrary.org/obo/ZP_0010821,http://purl.obolibrary.org/obo/NCBITaxon_7955,EXP_106,Biobide
http://purl.obolibrary.org/obo/ECTO_0002131,http://purl.obolibrary.org/obo/ZP_0002198,http://purl.obolibrary.org/obo/NCBITaxon_7955,EXP_107,Biobide
http://purl.obolibrary.org/obo/ECTO_0001647,http://purl.obolibrary.org/obo/ZP_0002314,http://purl.obolibrary.org/obo/NCBITaxon_7955,EXP_108,Biobide
http://purl.obolibrary.org/obo/ECTO_0001647,http://purl.obolibrary.org/obo/ZP_0000043,http://purl.obolibrary.org/obo/NCBITaxon_7955,EXP_109,Biobide
http://purl.obolibrary.org/obo/ECTO_0001647,http://purl.obolibrary.org/obo/ZP_0005892,http://purl.obolibrary.org/obo/NCBITaxon_7955,EXP_110,Biobide
http://purl.obolibrary.org/obo/ECTO_0001647,http://purl.obolibrary.org/obo/ZP_0012799,http://purl.obolibrary.org/obo/NCBITaxon_7955,EXP_111,Biobide
http://purl.obolibrary.org/obo/ECTO_0001647,http://purl.obolibrary.org/obo/ZP_0012799,http://purl.obolibrary.org/obo/NCBITaxon_7955,EXP_112,Biobide
http://purl.obolibrary.org/obo/ECTO_0001647,http://purl.obolibrary.org/obo/ZP_0002347,http://purl.obolibrary.org/obo/NCBITaxon_7955,EXP_113,Biobide
http://purl.obolibrary.org/obo/ECTO_0001647,http://purl.obolibrary.org/obo/ZP_0002198,http://purl.obolibrary.org/obo/NCBITaxon_7955,EXP_114,Biobide
http://purl.obolibrary.org/obo/ECTO_0001768,http://purl.obolibrary.org/obo/UBERON_0000071,http://purl.obolibrary.org/obo/NCBITaxon_7955,EXP_115,Biobide
http://purl.obolibrary.org/obo/ECTO_0001768,http://purl.obolibrary.org/obo/ZP_0002314,http://purl.obolibrary.org/obo/NCBITaxon_7955,EXP_116,Biobide
http://purl.obolibrary.org/obo/ECTO_0001768,http://purl.obolibrary.org/obo/ZP_0005892,http://purl.obolibrary.org/obo/NCBITaxon_7955,EXP_117,Biobide
http://purl.obolibrary.org/obo/ECTO_0001768,http://purl.obolibrary.org/obo/ZP_0012799,http://purl.obolibrary.org/obo/NCBITaxon_7955,EXP_118,Biobide
http://purl.obolibrary.org/obo/ECTO_0001768,http://purl.obolibrary.org/obo/ZP_0002347,http://purl.obolibrary.org/obo/NCBITaxon_7955,EXP_119,Biobide
http://purl.obolibrary.org/obo/ECTO_0001768,http://purl.obolibrary.org/obo/ZP_0004969,http://purl.obolibrary.org/obo/NCBITaxon_7955,EXP_120,Biobide
http://purl.obolibrary.org/obo/ECTO_0001768,http://purl.obolibrary.org/obo/ZP_0010821,http://purl.obolibrary.org/obo/NCBITaxon_7955,EXP_121,Biobide
http://purl.obolibrary.org/obo/ECTO_0001768,http://purl.obolibrary.org/obo/ZP_0002198,http://purl.obolibrary.org/obo/NCBITaxon_7955,EXP_122,Biobide
http://purl.obolibrary.org/obo/ECTO_0001768,http://purl.obolibrary.org/obo/ZP_0003211,http://purl.obolibrary.org/obo/NCBITaxon_7955,EXP_123,Biobide
http://purl.obolibrary.org/obo/ECTO_0001258,http://purl.obolibrary.org/obo/UBERON_0000071,http://purl.obolibrary.org/obo/NCBITaxon_7955,EXP_124,Biobide
http://purl.obolibrary.org/obo/ECTO_0001258,http://purl.obolibrary.org/obo/ZP_0002314,http://purl.obolibrary.org/obo/NCBITaxon_7955,EXP_125,Biobide
http://purl.obolibrary.org/obo/ECTO_0001258,http://purl.obolibrary.org/obo/ZP_0005892,http://purl.obolibrary.org/obo/NCBITaxon_7955,EXP_126,Biobide
http://purl.obolibrary.org/obo/ECTO_0001258,http://purl.obolibrary.org/obo/ZP_0002347,http://purl.obolibrary.org/obo/NCBITaxon_7955,EXP_127,Biobide
http://purl.obolibrary.org/obo/ECTO_0001258,http://purl.obolibrary.org/obo/ZP_0010821,http://purl.obolibrary.org/obo/NCBITaxon_7955,EXP_128,Biobide
http://purl.obolibrary.org/obo/ECTO_0001258,http://purl.obolibrary.org/obo/ZP_0002198,http://purl.obolibrary.org/obo/NCBITaxon_7955,EXP_129,Biobide
http://purl.obolibrary.org/obo/ECTO_0001901,http://purl.obolibrary.org/obo/UBERON_0000071,http://purl.obolibrary.org/obo/NCBITaxon_7955,EXP_130,Biobide
http://purl.obolibrary.org/obo/ECTO_0001901,http://purl.obolibrary.org/obo/ZP_0002314,http://purl.obolibrary.org/obo/NCBITaxon_7955,EXP_131,Biobide
http://purl.obolibrary.org/obo/ECTO_0001901,http://purl.obolibrary.org/obo/ZP_0000043,http://purl.obolibrary.org/obo/NCBITaxon_7955,EXP_132,Biobide
http://purl.obolibrary.org/obo/ECTO_0001901,http://purl.obolibrary.org/obo/ZP_0005892,http://purl.obolibrary.org/obo/NCBITaxon_7955,EXP_133,Biobide
http://purl.obolibrary.org/obo/ECTO_0001901,http://purl.obolibrary.org/obo/ZP_0012799,http://purl.obolibrary.org/obo/NCBITaxon_7955,EXP_134,Biobide
http://purl.obolibrary.org/obo/ECTO_0001901,http://purl.obolibrary.org/obo/ZP_0002347,http://purl.obolibrary.org/obo/NCBITaxon_7955,EXP_135,Biobide
http://purl.obolibrary.org/obo/ECTO_0001901,http://purl.obolibrary.org/obo/ZP_0010821,http://purl.obolibrary.org/obo/NCBITaxon_7955,EXP_136,Biobide
http://purl.obolibrary.org/obo/ECTO_0001901,http://purl.obolibrary.org/obo/ZP_0002198,http://purl.obolibrary.org/obo/NCBITaxon_7955,EXP_137,Biobide
http://purl.obolibrary.org/obo/ECTO_0001901,http://purl.obolibrary.org/obo/ZP_0000398,http://purl.obolibrary.org/obo/NCBITaxon_7955,EXP_138,Biobide
http://purl.obolibrary.org/obo/ECTO_0000414,http://purl.obolibrary.org/obo/UBERON_0000071,http://purl.obolibrary.org/obo/NCBITaxon_7955,EXP_139,Biobide
http://purl.obolibrary.org/obo/ECTO_0000414,http://purl.obolibrary.org/obo/ZP_0002314,http://purl.obolibrary.org/obo/NCBITaxon_7955,EXP_140,Biobide
http://purl.obolibrary.org/obo/ECTO_0000414,http://purl.obolibrary.org/obo/ZP_0000043,http://purl.obolibrary.org/obo/NCBITaxon_7955,EXP_141,Biobide
http://purl.obolibrary.org/obo/ECTO_0000414,http://purl.obolibrary.org/obo/ZP_0005892,http://purl.obolibrary.org/obo/NCBITaxon_7955,EXP_142,Biobide
http://purl.obolibrary.org/obo/ECTO_0000414,http://purl.obolibrary.org/obo/ZP_0004969,http://purl.obolibrary.org/obo/NCBITaxon_7955,EXP_143,Biobide
http://purl.obolibrary.org/obo/ECTO_0000414,http://purl.obolibrary.org/obo/ZP_0010821,http://purl.obolibrary.org/obo/NCBITaxon_7955,EXP_144,Biobide
http://purl.obolibrary.org/obo/ECTO_0000414,http://purl.obolibrary.org/obo/ZP_0003211,http://purl.obolibrary.org/obo/NCBITaxon_7955,EXP_145,Biobide
http://purl.obolibrary.org/obo/ECTO_0000468,http://purl.obolibrary.org/obo/UBERON_0000071,http://purl.obolibrary.org/obo/NCBITaxon_7955,EXP_146,Biobide
http://purl.obolibrary.org/obo/ECTO_0000468,http://purl.obolibrary.org/obo/ZP_0002314,http://purl.obolibrary.org/obo/NCBITaxon_7955,EXP_147,Biobide
http://purl.obolibrary.org/obo/ECTO_0000468,http://purl.obolibrary.org/obo/ZP_0000043,http://purl.obolibrary.org/obo/NCBITaxon_7955,EXP_148,Biobide
http://purl.obolibrary.org/obo/ECTO_0000468,http://purl.obolibrary.org/obo/ZP_0005892,http://purl.obolibrary.org/obo/NCBITaxon_7955,EXP_149,Biobide
http://purl.obolibrary.org/obo/ECTO_0000468,http://purl.obolibrary.org/obo/ZP_0002347,http://purl.obolibrary.org/obo/NCBITaxon_7955,EXP_150,Biobide
http://purl.obolibrary.org/obo/ECTO_0000468,http://purl.obolibrary.org/obo/ZP_0004969,http://purl.obolibrary.org/obo/NCBITaxon_7955,EXP_151,Biobide
http://purl.obolibrary.org/obo/ECTO_0000468,http://purl.obolibrary.org/obo/ZP_0010821,http://purl.obolibrary.org/obo/NCBITaxon_7955,EXP_152,Biobide
http://purl.obolibrary.org/obo/ECTO_0000468,http://purl.obolibrary.org/obo/ZP_0002198,http://purl.obolibrary.org/obo/NCBITaxon_7955,EXP_153,Biobide
http://purl.obolibrary.org/obo/ECTO_0000468,http://purl.obolibrary.org/obo/ZP_0003211,http://purl.obolibrary.org/obo/NCBITaxon_7955,EXP_154,Biobide
http://purl.obolibrary.org/obo/ECTO_0000468,http://purl.obolibrary.org/obo/ZP_0000398,http://purl.obolibrary.org/obo/NCBITaxon_7955,EXP_155,Biobide
http://purl.obolibrary.org/obo/ECTO_0001197,http://purl.obolibrary.org/obo/UBERON_0000071,http://purl.obolibrary.org/obo/NCBITaxon_7955,EXP_156,Biobide
http://purl.obolibrary.org/obo/ECTO_0001197,http://purl.obolibrary.org/obo/ZP_0002314,http://purl.obolibrary.org/obo/NCBITaxon_7955,EXP_157,Biobide
http://purl.obolibrary.org/obo/ECTO_0001197,http://purl.obolibrary.org/obo/ZP_0000043,http://purl.obolibrary.org/obo/NCBITaxon_7955,EXP_158,Biobide
http://purl.obolibrary.org/obo/ECTO_0001197,http://purl.obolibrary.org/obo/ZP_0005892,http://purl.obolibrary.org/obo/NCBITaxon_7955,EXP_159,Biobide
http://purl.obolibrary.org/obo/ECTO_0001197,http://purl.obolibrary.org/obo/ZP_0012799,http://purl.obolibrary.org/obo/NCBITaxon_7955,EXP_160,Biobide
http://purl.obolibrary.org/obo/ECTO_0001197,http://purl.obolibrary.org/obo/ZP_0012799,http://purl.obolibrary.org/obo/NCBITaxon_7955,EXP_161,Biobide
http://purl.obolibrary.org/obo/ECTO_0001197,http://purl.obolibrary.org/obo/ZP_0002347,http://purl.obolibrary.org/obo/NCBITaxon_7955,EXP_162,Biobide
http://purl.obolibrary.org/obo/ECTO_0001197,http://purl.obolibrary.org/obo/ZP_0010821,http://purl.obolibrary.org/obo/NCBITaxon_7955,EXP_163,Biobide
http://purl.obolibrary.org/obo/ECTO_0001197,http://purl.obolibrary.org/obo/ZP_0002198,http://purl.obolibrary.org/obo/NCBITaxon_7955,EXP_164,Biobide
http://purl.obolibrary.org/obo/ECTO_0001197,http://purl.obolibrary.org/obo/ZP_0000011,http://purl.obolibrary.org/obo/NCBITaxon_7955,EXP_165,Biobide
http://purl.obolibrary.org/obo/ECTO_0001532,http://purl.obolibrary.org/obo/ZP_0002314,http://purl.obolibrary.org/obo/NCBITaxon_7955,EXP_166,Biobide
http://purl.obolibrary.org/obo/ECTO_0001532,http://purl.obolibrary.org/obo/ZP_0000043,http://purl.obolibrary.org/obo/NCBITaxon_7955,EXP_167,Biobide
http://purl.obolibrary.org/obo/ECTO_0001532,http://purl.obolibrary.org/obo/ZP_0005892,http://purl.obolibrary.org/obo/NCBITaxon_7955,EXP_168,Biobide
http://purl.obolibrary.org/obo/ECTO_0001532,http://purl.obolibrary.org/obo/ZP_0002347,http://purl.obolibrary.org/obo/NCBITaxon_7955,EXP_169,Biobide
http://purl.obolibrary.org/obo/ECTO_0001532,http://purl.obolibrary.org/obo/ZP_0010821,http://purl.obolibrary.org/obo/NCBITaxon_7955,EXP_170,Biobide
http://purl.obolibrary.org/obo/ECTO_0001532,http://purl.obolibrary.org/obo/ZP_0002198,http://purl.obolibrary.org/obo/NCBITaxon_7955,EXP_171,Biobide
http://purl.obolibrary.org/obo/ECTO_0002139,http://purl.obolibrary.org/obo/UBERON_0000071,http://purl.obolibrary.org/obo/NCBITaxon_7955,EXP_172,Biobide
http://purl.obolibrary.org/obo/ECTO_0002139,http://purl.obolibrary.org/obo/ZP_0002314,http://purl.obolibrary.org/obo/NCBITaxon_7955,EXP_173,Biobide
http://purl.obolibrary.org/obo/ECTO_0002139,http://purl.obolibrary.org/obo/ZP_0000043,http://purl.obolibrary.org/obo/NCBITaxon_7955,EXP_174,Biobide
http://purl.obolibrary.org/obo/ECTO_0002139,http://purl.obolibrary.org/obo/ZP_0005892,http://purl.obolibrary.org/obo/NCBITaxon_7955,EXP_175,Biobide
http://purl.obolibrary.org/obo/ECTO_0002139,http://purl.obolibrary.org/obo/ZP_0012799,http://purl.obolibrary.org/obo/NCBITaxon_7955,EXP_176,Biobide
http://purl.obolibrary.org/obo/ECTO_0002139,http://purl.obolibrary.org/obo/ZP_0002347,http://purl.obolibrary.org/obo/NCBITaxon_7955,EXP_177,Biobide
http://purl.obolibrary.org/obo/ECTO_0002139,http://purl.obolibrary.org/obo/ZP_0000624,http://purl.obolibrary.org/obo/NCBITaxon_7955,EXP_178,Biobide
http://purl.obolibrary.org/obo/ECTO_0002139,http://purl.obolibrary.org/obo/ZP_0002198,http://purl.obolibrary.org/obo/NCBITaxon_7955,EXP_179,Biobide
http://purl.obolibrary.org/obo/ECTO_0002139,http://purl.obolibrary.org/obo/ZP_0003211,http://purl.obolibrary.org/obo/NCBITaxon_7955,EXP_180,Biobide
http://purl.obolibrary.org/obo/ECTO_0002139,http://purl.obolibrary.org/obo/ZP_0000398,http://purl.obolibrary.org/obo/NCBITaxon_7955,EXP_181,Biobide
http://purl.obolibrary.org/obo/ECTO_0002271,http://purl.obolibrary.org/obo/UBERON_0000071,http://purl.obolibrary.org/obo/NCBITaxon_7955,EXP_182,Lein
http://purl.obolibrary.org/obo/ECTO_0002271,http://purl.obolibrary.org/obo/ZP_0000102,http://purl.obolibrary.org/obo/NCBITaxon_7955,EXP_183,Lein
http://purl.obolibrary.org/obo/ECTO_0002271,http://purl.obolibrary.org/obo/ZP_0001241,http://purl.obolibrary.org/obo/NCBITaxon_7955,EXP_184,Lein
http://purl.obolibrary.org/obo/ECTO_0002271,http://purl.obolibrary.org/obo/ZP_0005012,http://purl.obolibrary.org/obo/NCBITaxon_7955,EXP_185,Lein
http://purl.obolibrary.org/obo/ECTO_0000456,http://purl.obolibrary.org/obo/UBERON_0000071,http://purl.obolibrary.org/obo/NCBITaxon_7955,EXP_186,Lein
http://purl.obolibrary.org/obo/ECTO_0000456,http://purl.obolibrary.org/obo/ZP_0000102,http://purl.obolibrary.org/obo/NCBITaxon_7955,EXP_187,Lein
http://purl.obolibrary.org/obo/ECTO_0000456,http://purl.obolibrary.org/obo/ZP_0001241,http://purl.obolibrary.org/obo/NCBITaxon_7955,EXP_188,Lein
http://purl.obolibrary.org/obo/ECTO_0000456,http://purl.obolibrary.org/obo/ZP_0005012,http://purl.obolibrary.org/obo/NCBITaxon_7955,EXP_189,Lein
http://purl.obolibrary.org/obo/ECTO_0001346,http://purl.obolibrary.org/obo/ZP_0000102,http://purl.obolibrary.org/obo/NCBITaxon_7955,EXP_190,Lein
http://purl.obolibrary.org/obo/ECTO_0001346,http://purl.obolibrary.org/obo/ZP_0001241,http://purl.obolibrary.org/obo/NCBITaxon_7955,EXP_191,Lein
http://purl.obolibrary.org/obo/ECTO_0001346,http://purl.obolibrary.org/obo/ZP_0005012,http://purl.obolibrary.org/obo/NCBITaxon_7955,EXP_192,Lein
http://purl.obolibrary.org/obo/ECTO_0000970,http://purl.obolibrary.org/obo/ZP_0005012,http://purl.obolibrary.org/obo/NCBITaxon_7955,EXP_193,Lein
http://purl.obolibrary.org/obo/ECTO_0001854,http://purl.obolibrary.org/obo/ZP_0005012,http://purl.obolibrary.org/obo/NCBITaxon_7955,EXP_194,Lein
http://purl.obolibrary.org/obo/ECTO_0001547,http://purl.obolibrary.org/obo/ZP_0005012,http://purl.obolibrary.org/obo/NCBITaxon_7955,EXP_195,Lein
http://purl.obolibrary.org/obo/ECTO_0001464,http://purl.obolibrary.org/obo/UBERON_0000071,http://purl.obolibrary.org/obo/NCBITaxon_7955,EXP_196,Lein
http://purl.obolibrary.org/obo/ECTO_0001464,http://purl.obolibrary.org/obo/ZP_0000102,http://purl.obolibrary.org/obo/NCBITaxon_7955,EXP_197,Lein
http://purl.obolibrary.org/obo/ECTO_0001464,http://purl.obolibrary.org/obo/ZP_0001241,http://purl.obolibrary.org/obo/NCBITaxon_7955,EXP_198,Lein
http://purl.obolibrary.org/obo/ECTO_0002005,http://purl.obolibrary.org/obo/UBERON_0000071,http://purl.obolibrary.org/obo/NCBITaxon_7955,EXP_199,Lein
http://purl.obolibrary.org/obo/ECTO_0002005,http://purl.obolibrary.org/obo/ZP_0000102,http://purl.obolibrary.org/obo/NCBITaxon_7955,EXP_200,Lein
http://purl.obolibrary.org/obo/ECTO_0002005,http://purl.obolibrary.org/obo/ZP_0001241,http://purl.obolibrary.org/obo/NCBITaxon_7955,EXP_201,Lein
http://purl.obolibrary.org/obo/ECTO_0002005,http://purl.obolibrary.org/obo/ZP_0005012,http://purl.obolibrary.org/obo/NCBITaxon_7955,EXP_202,Lein
http://purl.obolibrary.org/obo/ECTO_0001768,http://purl.obolibrary.org/obo/UBERON_0000071,http://purl.obolibrary.org/obo/NCBITaxon_7955,EXP_203,Lein
http://purl.obolibrary.org/obo/ECTO_0001768,http://purl.obolibrary.org/obo/ZP_0000102,http://purl.obolibrary.org/obo/NCBITaxon_7955,EXP_204,Lein
http://purl.obolibrary.org/obo/ECTO_0001768,http://purl.obolibrary.org/obo/ZP_0001241,http://purl.obolibrary.org/obo/NCBITaxon_7955,EXP_205,Lein
http://purl.obolibrary.org/obo/ECTO_0001768,http://purl.obolibrary.org/obo/ZP_0005012,http://purl.obolibrary.org/obo/NCBITaxon_7955,EXP_206,Lein
http://purl.obolibrary.org/obo/ECTO_0001768,http://purl.obolibrary.org/obo/ZP_0010405,http://purl.obolibrary.org/obo/NCBITaxon_7955,EXP_207,Lein
http://purl.obolibrary.org/obo/ECTO_0001258,http://purl.obolibrary.org/obo/UBERON_0000071,http://purl.obolibrary.org/obo/NCBITaxon_7955,EXP_208,Lein
http://purl.obolibrary.org/obo/ECTO_0001258,http://purl.obolibrary.org/obo/ZP_0005012,http://purl.obolibrary.org/obo/NCBITaxon_7955,EXP_209,Lein
http://purl.obolibrary.org/obo/ECTO_0001901,http://purl.obolibrary.org/obo/UBERON_0000071,http://purl.obolibrary.org/obo/NCBITaxon_7955,EXP_210,Lein
http://purl.obolibrary.org/obo/ECTO_0001901,http://purl.obolibrary.org/obo/ZP_0000102,http://purl.obolibrary.org/obo/NCBITaxon_7955,EXP_211,Lein
http://purl.obolibrary.org/obo/ECTO_0001901,http://purl.obolibrary.org/obo/ZP_0001241,http://purl.obolibrary.org/obo/NCBITaxon_7955,EXP_212,Lein
http://purl.obolibrary.org/obo/ECTO_0001901,http://purl.obolibrary.org/obo/ZP_0010405,http://purl.obolibrary.org/obo/NCBITaxon_7955,EXP_213,Lein
http://purl.obolibrary.org/obo/ECTO_0000468,http://purl.obolibrary.org/obo/UBERON_0000071,http://purl.obolibrary.org/obo/NCBITaxon_7955,EXP_214,Lein
http://purl.obolibrary.org/obo/ECTO_0000468,http://purl.obolibrary.org/obo/ZP_0000305,http://purl.obolibrary.org/obo/NCBITaxon_7955,EXP_215,Lein
http://purl.obolibrary.org/obo/ECTO_0000468,http://purl.obolibrary.org/obo/ZP_0001609,http://purl.obolibrary.org/obo/NCBITaxon_7955,EXP_216,Lein
http://purl.obolibrary.org/obo/ECTO_0000468,http://purl.obolibrary.org/obo/ZP_0000102,http://purl.obolibrary.org/obo/NCBITaxon_7955,EXP_217,Lein
http://purl.obolibrary.org/obo/ECTO_0002139,http://purl.obolibrary.org/obo/UBERON_0000071,http://purl.obolibrary.org/obo/NCBITaxon_7955,EXP_218,Lein
http://purl.obolibrary.org/obo/ECTO_0002139,http://purl.obolibrary.org/obo/ZP_0000102,http://purl.obolibrary.org/obo/NCBITaxon_7955,EXP_219,Lein
http://purl.obolibrary.org/obo/ECTO_0002139,http://purl.obolibrary.org/obo/ZP_0001241,http://purl.obolibrary.org/obo/NCBITaxon_7955,EXP_220,Lein
http://purl.obolibrary.org/obo/ECTO_0002139,http://purl.obolibrary.org/obo/ZP_0000627,http://purl.obolibrary.org/obo/NCBITaxon_7955,EXP_221,Lein
http://purl.obolibrary.org/obo/ECTO_0001431,http://purl.obolibrary.org/obo/ZP_0000102,http://purl.obolibrary.org/obo/NCBITaxon_7955,EXP_222,Tanguay
http://purl.obolibrary.org/obo/ECTO_0001431,http://purl.obolibrary.org/obo/ZP_0005012,http://purl.obolibrary.org/obo/NCBITaxon_7955,EXP_223,Tanguay
http://purl.obolibrary.org/obo/ECTO_0001431,http://purl.obolibrary.org/obo/ZP_0008271,http://purl.obolibrary.org/obo/NCBITaxon_7955,EXP_224,Tanguay
http://purl.obolibrary.org/obo/ECTO_0001431,http://purl.obolibrary.org/obo/ZP_0014550,http://purl.obolibrary.org/obo/NCBITaxon_7955,EXP_225,Tanguay
http://purl.obolibrary.org/obo/ECTO_0001431,http://purl.obolibrary.org/obo/ZP_0009598,http://purl.obolibrary.org/obo/NCBITaxon_7955,EXP_226,Tanguay
http://purl.obolibrary.org/obo/ECTO_0001431,http://purl.obolibrary.org/obo/ZP_0001601,http://purl.obolibrary.org/obo/NCBITaxon_7955,EXP_227,Tanguay
http://purl.obolibrary.org/obo/ECTO_0001431,http://purl.obolibrary.org/obo/ZP_0009266,http://purl.obolibrary.org/obo/NCBITaxon_7955,EXP_228,Tanguay
http://purl.obolibrary.org/obo/ECTO_0001431,http://purl.obolibrary.org/obo/ZP_0000100,http://purl.obolibrary.org/obo/NCBITaxon_7955,EXP_229,Tanguay
http://purl.obolibrary.org/obo/ECTO_0001431,http://purl.obolibrary.org/obo/ZP_0000055,http://purl.obolibrary.org/obo/NCBITaxon_7955,EXP_230,Tanguay
http://purl.obolibrary.org/obo/ECTO_0001431,http://purl.obolibrary.org/obo/ZP_0010405,http://purl.obolibrary.org/obo/NCBITaxon_7955,EXP_231,Tanguay
http://purl.obolibrary.org/obo/ECTO_0002271,http://purl.obolibrary.org/obo/UBERON_0000071,http://purl.obolibrary.org/obo/NCBITaxon_7955,EXP_232,Tanguay
http://purl.obolibrary.org/obo/ECTO_0002271,http://purl.obolibrary.org/obo/ZP_0000102,http://purl.obolibrary.org/obo/NCBITaxon_7955,EXP_233,Tanguay
http://purl.obolibrary.org/obo/ECTO_0002271,http://purl.obolibrary.org/obo/ZP_0005012,http://purl.obolibrary.org/obo/NCBITaxon_7955,EXP_234,Tanguay
http://purl.obolibrary.org/obo/ECTO_0002271,http://purl.obolibrary.org/obo/ZP_0008271,http://purl.obolibrary.org/obo/NCBITaxon_7955,EXP_235,Tanguay
http://purl.obolibrary.org/obo/ECTO_0002271,http://purl.obolibrary.org/obo/ZP_0014550,http://purl.obolibrary.org/obo/NCBITaxon_7955,EXP_236,Tanguay
http://purl.obolibrary.org/obo/ECTO_0002271,http://purl.obolibrary.org/obo/ZP_0009598,http://purl.obolibrary.org/obo/NCBITaxon_7955,EXP_237,Tanguay
http://purl.obolibrary.org/obo/ECTO_0002271,http://purl.obolibrary.org/obo/ZP_0001601,http://purl.obolibrary.org/obo/NCBITaxon_7955,EXP_238,Tanguay
http://purl.obolibrary.org/obo/ECTO_0002271,http://purl.obolibrary.org/obo/ZP_0009266,http://purl.obolibrary.org/obo/NCBITaxon_7955,EXP_239,Tanguay
http://purl.obolibrary.org/obo/ECTO_0002271,http://purl.obolibrary.org/obo/ZP_0000100,http://purl.obolibrary.org/obo/NCBITaxon_7955,EXP_240,Tanguay
http://purl.obolibrary.org/obo/ECTO_0002271,http://purl.obolibrary.org/obo/ZP_0000055,http://purl.obolibrary.org/obo/NCBITaxon_7955,EXP_241,Tanguay
http://purl.obolibrary.org/obo/ECTO_0002271,http://purl.obolibrary.org/obo/ZP_0010405,http://purl.obolibrary.org/obo/NCBITaxon_7955,EXP_242,Tanguay
http://purl.obolibrary.org/obo/ECTO_0002271,http://purl.obolibrary.org/obo/ZP_0003437,http://purl.obolibrary.org/obo/NCBITaxon_7955,EXP_243,Tanguay
http://purl.obolibrary.org/obo/ECTO_0002271,http://purl.obolibrary.org/obo/ZP_0000624,http://purl.obolibrary.org/obo/NCBITaxon_7955,EXP_244,Tanguay
http://purl.obolibrary.org/obo/ECTO_0001602,http://purl.obolibrary.org/obo/ZP_0000102,http://purl.obolibrary.org/obo/NCBITaxon_7955,EXP_245,Tanguay
http://purl.obolibrary.org/obo/ECTO_0001602,http://purl.obolibrary.org/obo/ZP_0005012,http://purl.obolibrary.org/obo/NCBITaxon_7955,EXP_246,Tanguay
http://purl.obolibrary.org/obo/ECTO_0000456,http://purl.obolibrary.org/obo/UBERON_0000071,http://purl.obolibrary.org/obo/NCBITaxon_7955,EXP_247,Tanguay
http://purl.obolibrary.org/obo/ECTO_0000456,http://purl.obolibrary.org/obo/ZP_0005012,http://purl.obolibrary.org/obo/NCBITaxon_7955,EXP_248,Tanguay
http://purl.obolibrary.org/obo/ECTO_0000456,http://purl.obolibrary.org/obo/ZP_0009266,http://purl.obolibrary.org/obo/NCBITaxon_7955,EXP_249,Tanguay
http://purl.obolibrary.org/obo/ECTO_0000456,http://purl.obolibrary.org/obo/ZP_0000100,http://purl.obolibrary.org/obo/NCBITaxon_7955,EXP_250,Tanguay
http://purl.obolibrary.org/obo/ECTO_0000456,http://purl.obolibrary.org/obo/ZP_0010405,http://purl.obolibrary.org/obo/NCBITaxon_7955,EXP_251,Tanguay
http://purl.obolibrary.org/obo/ECTO_0000456,http://purl.obolibrary.org/obo/ZP_0003437,http://purl.obolibrary.org/obo/NCBITaxon_7955,EXP_252,Tanguay
http://purl.obolibrary.org/obo/ECTO_0000456,http://purl.obolibrary.org/obo/ZP_0000624,http://purl.obolibrary.org/obo/NCBITaxon_7955,EXP_253,Tanguay
http://purl.obolibrary.org/obo/ECTO_0001346,http://purl.obolibrary.org/obo/UBERON_0000071,http://purl.obolibrary.org/obo/NCBITaxon_7955,EXP_254,Tanguay
http://purl.obolibrary.org/obo/ECTO_0001346,http://purl.obolibrary.org/obo/ZP_0000102,http://purl.obolibrary.org/obo/NCBITaxon_7955,EXP_255,Tanguay
http://purl.obolibrary.org/obo/ECTO_0001346,http://purl.obolibrary.org/obo/ZP_0005012,http://purl.obolibrary.org/obo/NCBITaxon_7955,EXP_256,Tanguay
http://purl.obolibrary.org/obo/ECTO_0001346,http://purl.obolibrary.org/obo/ZP_0008271,http://purl.obolibrary.org/obo/NCBITaxon_7955,EXP_257,Tanguay
http://purl.obolibrary.org/obo/ECTO_0001346,http://purl.obolibrary.org/obo/ZP_0014550,http://purl.obolibrary.org/obo/NCBITaxon_7955,EXP_258,Tanguay
http://purl.obolibrary.org/obo/ECTO_0001346,http://purl.obolibrary.org/obo/ZP_0009598,http://purl.obolibrary.org/obo/NCBITaxon_7955,EXP_259,Tanguay
http://purl.obolibrary.org/obo/ECTO_0001346,http://purl.obolibrary.org/obo/ZP_0009266,http://purl.obolibrary.org/obo/NCBITaxon_7955,EXP_260,Tanguay
http://purl.obolibrary.org/obo/ECTO_0001346,http://purl.obolibrary.org/obo/ZP_0000055,http://purl.obolibrary.org/obo/NCBITaxon_7955,EXP_261,Tanguay
http://purl.obolibrary.org/obo/ECTO_0001346,http://purl.obolibrary.org/obo/ZP_0010405,http://purl.obolibrary.org/obo/NCBITaxon_7955,EXP_262,Tanguay
http://purl.obolibrary.org/obo/ECTO_0001346,http://purl.obolibrary.org/obo/ZP_0003437,http://purl.obolibrary.org/obo/NCBITaxon_7955,EXP_263,Tanguay
http://purl.obolibrary.org/obo/ECTO_0001346,http://purl.obolibrary.org/obo/ZP_0000624,http://purl.obolibrary.org/obo/NCBITaxon_7955,EXP_264,Tanguay
http://purl.obolibrary.org/obo/ECTO_0000970,http://purl.obolibrary.org/obo/ZP_0000102,http://purl.obolibrary.org/obo/NCBITaxon_7955,EXP_265,Tanguay
http://purl.obolibrary.org/obo/ECTO_0000970,http://purl.obolibrary.org/obo/ZP_0005012,http://purl.obolibrary.org/obo/NCBITaxon_7955,EXP_266,Tanguay
http://purl.obolibrary.org/obo/ECTO_0000970,http://purl.obolibrary.org/obo/ZP_0008271,http://purl.obolibrary.org/obo/NCBITaxon_7955,EXP_267,Tanguay
http://purl.obolibrary.org/obo/ECTO_0000970,http://purl.obolibrary.org/obo/ZP_0014550,http://purl.obolibrary.org/obo/NCBITaxon_7955,EXP_268,Tanguay
http://purl.obolibrary.org/obo/ECTO_0000970,http://purl.obolibrary.org/obo/ZP_0009598,http://purl.obolibrary.org/obo/NCBITaxon_7955,EXP_269,Tanguay
http://purl.obolibrary.org/obo/ECTO_0000970,http://purl.obolibrary.org/obo/ZP_0009266,http://purl.obolibrary.org/obo/NCBITaxon_7955,EXP_270,Tanguay
http://purl.obolibrary.org/obo/ECTO_0000970,http://purl.obolibrary.org/obo/ZP_0000624,http://purl.obolibrary.org/obo/NCBITaxon_7955,EXP_271,Tanguay
http://purl.obolibrary.org/obo/ECTO_0001854,http://purl.obolibrary.org/obo/ZP_0000102,http://purl.obolibrary.org/obo/NCBITaxon_7955,EXP_272,Tanguay
http://purl.obolibrary.org/obo/ECTO_0001854,http://purl.obolibrary.org/obo/ZP_0005012,http://purl.obolibrary.org/obo/NCBITaxon_7955,EXP_273,Tanguay
http://purl.obolibrary.org/obo/ECTO_0001854,http://purl.obolibrary.org/obo/ZP_0008271,http://purl.obolibrary.org/obo/NCBITaxon_7955,EXP_274,Tanguay
http://purl.obolibrary.org/obo/ECTO_0001854,http://purl.obolibrary.org/obo/ZP_0014550,http://purl.obolibrary.org/obo/NCBITaxon_7955,EXP_275,Tanguay
http://purl.obolibrary.org/obo/ECTO_0001854,http://purl.obolibrary.org/obo/ZP_0009598,http://purl.obolibrary.org/obo/NCBITaxon_7955,EXP_276,Tanguay
http://purl.obolibrary.org/obo/ECTO_0001854,http://purl.obolibrary.org/obo/ZP_0010405,http://purl.obolibrary.org/obo/NCBITaxon_7955,EXP_277,Tanguay
http://purl.obolibrary.org/obo/ECTO_0001464,http://purl.obolibrary.org/obo/UBERON_0000071,http://purl.obolibrary.org/obo/NCBITaxon_7955,EXP_278,Tanguay
http://purl.obolibrary.org/obo/ECTO_0001464,http://purl.obolibrary.org/obo/ZP_0000102,http://purl.obolibrary.org/obo/NCBITaxon_7955,EXP_279,Tanguay
http://purl.obolibrary.org/obo/ECTO_0001464,http://purl.obolibrary.org/obo/ZP_0005012,http://purl.obolibrary.org/obo/NCBITaxon_7955,EXP_280,Tanguay
http://purl.obolibrary.org/obo/ECTO_0001464,http://purl.obolibrary.org/obo/ZP_0008271,http://purl.obolibrary.org/obo/NCBITaxon_7955,EXP_281,Tanguay
http://purl.obolibrary.org/obo/ECTO_0001464,http://purl.obolibrary.org/obo/ZP_0009598,http://purl.obolibrary.org/obo/NCBITaxon_7955,EXP_282,Tanguay
http://purl.obolibrary.org/obo/ECTO_0001464,http://purl.obolibrary.org/obo/ZP_0000100,http://purl.obolibrary.org/obo/NCBITaxon_7955,EXP_283,Tanguay
http://purl.obolibrary.org/obo/ECTO_0001464,http://purl.obolibrary.org/obo/ZP_0000055,http://purl.obolibrary.org/obo/NCBITaxon_7955,EXP_284,Tanguay
http://purl.obolibrary.org/obo/ECTO_0001464,http://purl.obolibrary.org/obo/ZP_0010405,http://purl.obolibrary.org/obo/NCBITaxon_7955,EXP_285,Tanguay
http://purl.obolibrary.org/obo/ECTO_0001464,http://purl.obolibrary.org/obo/ZP_0003437,http://purl.obolibrary.org/obo/NCBITaxon_7955,EXP_286,Tanguay
http://purl.obolibrary.org/obo/ECTO_0001464,http://purl.obolibrary.org/obo/ZP_0000624,http://purl.obolibrary.org/obo/NCBITaxon_7955,EXP_287,Tanguay
http://purl.obolibrary.org/obo/ECTO_0002222,http://purl.obolibrary.org/obo/UBERON_0000071,http://purl.obolibrary.org/obo/NCBITaxon_7955,EXP_288,Tanguay
http://purl.obolibrary.org/obo/ECTO_0002222,http://purl.obolibrary.org/obo/ZP_0000102,http://purl.obolibrary.org/obo/NCBITaxon_7955,EXP_289,Tanguay
http://purl.obolibrary.org/obo/ECTO_0002222,http://purl.obolibrary.org/obo/ZP_0005012,http://purl.obolibrary.org/obo/NCBITaxon_7955,EXP_290,Tanguay
http://purl.obolibrary.org/obo/ECTO_0002222,http://purl.obolibrary.org/obo/ZP_0008271,http://purl.obolibrary.org/obo/NCBITaxon_7955,EXP_291,Tanguay
http://purl.obolibrary.org/obo/ECTO_0002222,http://purl.obolibrary.org/obo/ZP_0014550,http://purl.obolibrary.org/obo/NCBITaxon_7955,EXP_292,Tanguay
http://purl.obolibrary.org/obo/ECTO_0002222,http://purl.obolibrary.org/obo/ZP_0009598,http://purl.obolibrary.org/obo/NCBITaxon_7955,EXP_293,Tanguay
http://purl.obolibrary.org/obo/ECTO_0002222,http://purl.obolibrary.org/obo/ZP_0009266,http://purl.obolibrary.org/obo/NCBITaxon_7955,EXP_294,Tanguay
http://purl.obolibrary.org/obo/ECTO_0002222,http://purl.obolibrary.org/obo/ZP_0000055,http://purl.obolibrary.org/obo/NCBITaxon_7955,EXP_295,Tanguay
http://purl.obolibrary.org/obo/ECTO_0002222,http://purl.obolibrary.org/obo/ZP_0010405,http://purl.obolibrary.org/obo/NCBITaxon_7955,EXP_296,Tanguay
http://purl.obolibrary.org/obo/ECTO_0002222,http://purl.obolibrary.org/obo/ZP_0003437,http://purl.obolibrary.org/obo/NCBITaxon_7955,EXP_297,Tanguay
http://purl.obolibrary.org/obo/ECTO_0002222,http://purl.obolibrary.org/obo/ZP_0000624,http://purl.obolibrary.org/obo/NCBITaxon_7955,EXP_298,Tanguay
http://purl.obolibrary.org/obo/ECTO_0002005,http://purl.obolibrary.org/obo/UBERON_0000071,http://purl.obolibrary.org/obo/NCBITaxon_7955,EXP_299,Tanguay
http://purl.obolibrary.org/obo/ECTO_0002005,http://purl.obolibrary.org/obo/ZP_0000102,http://purl.obolibrary.org/obo/NCBITaxon_7955,EXP_300,Tanguay
http://purl.obolibrary.org/obo/ECTO_0002005,http://purl.obolibrary.org/obo/ZP_0005012,http://purl.obolibrary.org/obo/NCBITaxon_7955,EXP_301,Tanguay
http://purl.obolibrary.org/obo/ECTO_0002005,http://purl.obolibrary.org/obo/ZP_0008271,http://purl.obolibrary.org/obo/NCBITaxon_7955,EXP_302,Tanguay
http://purl.obolibrary.org/obo/ECTO_0002005,http://purl.obolibrary.org/obo/ZP_0014550,http://purl.obolibrary.org/obo/NCBITaxon_7955,EXP_303,Tanguay
http://purl.obolibrary.org/obo/ECTO_0002005,http://purl.obolibrary.org/obo/ZP_0009598,http://purl.obolibrary.org/obo/NCBITaxon_7955,EXP_304,Tanguay
http://purl.obolibrary.org/obo/ECTO_0002005,http://purl.obolibrary.org/obo/ZP_0009266,http://purl.obolibrary.org/obo/NCBITaxon_7955,EXP_305,Tanguay
http://purl.obolibrary.org/obo/ECTO_0002005,http://purl.obolibrary.org/obo/ZP_0000055,http://purl.obolibrary.org/obo/NCBITaxon_7955,EXP_306,Tanguay
http://purl.obolibrary.org/obo/ECTO_0002005,http://purl.obolibrary.org/obo/ZP_0010405,http://purl.obolibrary.org/obo/NCBITaxon_7955,EXP_307,Tanguay
http://purl.obolibrary.org/obo/ECTO_0002005,http://purl.obolibrary.org/obo/ZP_0003437,http://purl.obolibrary.org/obo/NCBITaxon_7955,EXP_308,Tanguay
http://purl.obolibrary.org/obo/ECTO_0002005,http://purl.obolibrary.org/obo/ZP_0000624,http://purl.obolibrary.org/obo/NCBITaxon_7955,EXP_309,Tanguay
http://purl.obolibrary.org/obo/ECTO_0002131,http://purl.obolibrary.org/obo/ZP_0005012,http://purl.obolibrary.org/obo/NCBITaxon_7955,EXP_310,Tanguay
http://purl.obolibrary.org/obo/ECTO_0002131,http://purl.obolibrary.org/obo/ZP_0008271,http://purl.obolibrary.org/obo/NCBITaxon_7955,EXP_311,Tanguay
http://purl.obolibrary.org/obo/ECTO_0002131,http://purl.obolibrary.org/obo/ZP_0014550,http://purl.obolibrary.org/obo/NCBITaxon_7955,EXP_312,Tanguay
http://purl.obolibrary.org/obo/ECTO_0002131,http://purl.obolibrary.org/obo/ZP_0009598,http://purl.obolibrary.org/obo/NCBITaxon_7955,EXP_313,Tanguay
http://purl.obolibrary.org/obo/ECTO_0002131,http://purl.obolibrary.org/obo/ZP_0000055,http://purl.obolibrary.org/obo/NCBITaxon_7955,EXP_314,Tanguay
http://purl.obolibrary.org/obo/ECTO_0002131,http://purl.obolibrary.org/obo/ZP_0010405,http://purl.obolibrary.org/obo/NCBITaxon_7955,EXP_315,Tanguay
http://purl.obolibrary.org/obo/ECTO_0002131,http://purl.obolibrary.org/obo/ZP_0003437,http://purl.obolibrary.org/obo/NCBITaxon_7955,EXP_316,Tanguay
http://purl.obolibrary.org/obo/ECTO_0001647,http://purl.obolibrary.org/obo/UBERON_0000071,http://purl.obolibrary.org/obo/NCBITaxon_7955,EXP_317,Tanguay
http://purl.obolibrary.org/obo/ECTO_0001647,http://purl.obolibrary.org/obo/ZP_0000102,http://purl.obolibrary.org/obo/NCBITaxon_7955,EXP_318,Tanguay
http://purl.obolibrary.org/obo/ECTO_0001647,http://purl.obolibrary.org/obo/ZP_0000055,http://purl.obolibrary.org/obo/NCBITaxon_7955,EXP_319,Tanguay
http://purl.obolibrary.org/obo/ECTO_0001768,http://purl.obolibrary.org/obo/UBERON_0000071,http://purl.obolibrary.org/obo/NCBITaxon_7955,EXP_320,Tanguay
http://purl.obolibrary.org/obo/ECTO_0001768,http://purl.obolibrary.org/obo/ZP_0000102,http://purl.obolibrary.org/obo/NCBITaxon_7955,EXP_321,Tanguay
http://purl.obolibrary.org/obo/ECTO_0001768,http://purl.obolibrary.org/obo/ZP_0005012,http://purl.obolibrary.org/obo/NCBITaxon_7955,EXP_322,Tanguay
http://purl.obolibrary.org/obo/ECTO_0001768,http://purl.obolibrary.org/obo/ZP_0008271,http://purl.obolibrary.org/obo/NCBITaxon_7955,EXP_323,Tanguay
http://purl.obolibrary.org/obo/ECTO_0001768,http://purl.obolibrary.org/obo/ZP_0014550,http://purl.obolibrary.org/obo/NCBITaxon_7955,EXP_324,Tanguay
http://purl.obolibrary.org/obo/ECTO_0001768,http://purl.obolibrary.org/obo/ZP_0009598,http://purl.obolibrary.org/obo/NCBITaxon_7955,EXP_325,Tanguay
http://purl.obolibrary.org/obo/ECTO_0001768,http://purl.obolibrary.org/obo/ZP_0001601,http://purl.obolibrary.org/obo/NCBITaxon_7955,EXP_326,Tanguay
http://purl.obolibrary.org/obo/ECTO_0001768,http://purl.obolibrary.org/obo/ZP_0009266,http://purl.obolibrary.org/obo/NCBITaxon_7955,EXP_327,Tanguay
http://purl.obolibrary.org/obo/ECTO_0001768,http://purl.obolibrary.org/obo/ZP_0000011,http://purl.obolibrary.org/obo/NCBITaxon_7955,EXP_328,Tanguay
http://purl.obolibrary.org/obo/ECTO_0001768,http://purl.obolibrary.org/obo/ZP_0000055,http://purl.obolibrary.org/obo/NCBITaxon_7955,EXP_329,Tanguay
http://purl.obolibrary.org/obo/ECTO_0001768,http://purl.obolibrary.org/obo/ZP_0010405,http://purl.obolibrary.org/obo/NCBITaxon_7955,EXP_330,Tanguay
http://purl.obolibrary.org/obo/ECTO_0001768,http://purl.obolibrary.org/obo/ZP_0003437,http://purl.obolibrary.org/obo/NCBITaxon_7955,EXP_331,Tanguay
http://purl.obolibrary.org/obo/ECTO_0001768,http://purl.obolibrary.org/obo/ZP_0000624,http://purl.obolibrary.org/obo/NCBITaxon_7955,EXP_332,Tanguay
http://purl.obolibrary.org/obo/ECTO_0001901,http://purl.obolibrary.org/obo/UBERON_0000071,http://purl.obolibrary.org/obo/NCBITaxon_7955,EXP_333,Tanguay
http://purl.obolibrary.org/obo/ECTO_0001901,http://purl.obolibrary.org/obo/ZP_0000102,http://purl.obolibrary.org/obo/NCBITaxon_7955,EXP_334,Tanguay
http://purl.obolibrary.org/obo/ECTO_0001901,http://purl.obolibrary.org/obo/ZP_0005012,http://purl.obolibrary.org/obo/NCBITaxon_7955,EXP_335,Tanguay
http://purl.obolibrary.org/obo/ECTO_0001901,http://purl.obolibrary.org/obo/ZP_0008271,http://purl.obolibrary.org/obo/NCBITaxon_7955,EXP_336,Tanguay
http://purl.obolibrary.org/obo/ECTO_0001901,http://purl.obolibrary.org/obo/ZP_0014550,http://purl.obolibrary.org/obo/NCBITaxon_7955,EXP_337,Tanguay
http://purl.obolibrary.org/obo/ECTO_0001901,http://purl.obolibrary.org/obo/ZP_0009598,http://purl.obolibrary.org/obo/NCBITaxon_7955,EXP_338,Tanguay
http://purl.obolibrary.org/obo/ECTO_0001901,http://purl.obolibrary.org/obo/ZP_0009266,http://purl.obolibrary.org/obo/NCBITaxon_7955,EXP_339,Tanguay
http://purl.obolibrary.org/obo/ECTO_0001901,http://purl.obolibrary.org/obo/ZP_0000100,http://purl.obolibrary.org/obo/NCBITaxon_7955,EXP_340,Tanguay
http://purl.obolibrary.org/obo/ECTO_0001901,http://purl.obolibrary.org/obo/ZP_0000011,http://purl.obolibrary.org/obo/NCBITaxon_7955,EXP_341,Tanguay
http://purl.obolibrary.org/obo/ECTO_0001901,http://purl.obolibrary.org/obo/ZP_0000055,http://purl.obolibrary.org/obo/NCBITaxon_7955,EXP_342,Tanguay
http://purl.obolibrary.org/obo/ECTO_0001901,http://purl.obolibrary.org/obo/ZP_0010405,http://purl.obolibrary.org/obo/NCBITaxon_7955,EXP_343,Tanguay
http://purl.obolibrary.org/obo/ECTO_0001901,http://purl.obolibrary.org/obo/ZP_0003437,http://purl.obolibrary.org/obo/NCBITaxon_7955,EXP_344,Tanguay
http://purl.obolibrary.org/obo/ECTO_0001901,http://purl.obolibrary.org/obo/ZP_0000624,http://purl.obolibrary.org/obo/NCBITaxon_7955,EXP_345,Tanguay
http://purl.obolibrary.org/obo/ECTO_0000414,http://purl.obolibrary.org/obo/UBERON_0000071,http://purl.obolibrary.org/obo/NCBITaxon_7955,EXP_346,Tanguay
http://purl.obolibrary.org/obo/ECTO_0000414,http://purl.obolibrary.org/obo/ZP_0000102,http://purl.obolibrary.org/obo/NCBITaxon_7955,EXP_347,Tanguay
http://purl.obolibrary.org/obo/ECTO_0000414,http://purl.obolibrary.org/obo/ZP_0005012,http://purl.obolibrary.org/obo/NCBITaxon_7955,EXP_348,Tanguay
http://purl.obolibrary.org/obo/ECTO_0000414,http://purl.obolibrary.org/obo/ZP_0008271,http://purl.obolibrary.org/obo/NCBITaxon_7955,EXP_349,Tanguay
http://purl.obolibrary.org/obo/ECTO_0000414,http://purl.obolibrary.org/obo/ZP_0014550,http://purl.obolibrary.org/obo/NCBITaxon_7955,EXP_350,Tanguay
http://purl.obolibrary.org/obo/ECTO_0000414,http://purl.obolibrary.org/obo/ZP_0009598,http://purl.obolibrary.org/obo/NCBITaxon_7955,EXP_351,Tanguay
http://purl.obolibrary.org/obo/ECTO_0000414,http://purl.obolibrary.org/obo/ZP_0009266,http://purl.obolibrary.org/obo/NCBITaxon_7955,EXP_352,Tanguay
http://purl.obolibrary.org/obo/ECTO_0000414,http://purl.obolibrary.org/obo/ZP_0000100,http://purl.obolibrary.org/obo/NCBITaxon_7955,EXP_353,Tanguay
http://purl.obolibrary.org/obo/ECTO_0000414,http://purl.obolibrary.org/obo/ZP_0000055,http://purl.obolibrary.org/obo/NCBITaxon_7955,EXP_354,Tanguay
http://purl.obolibrary.org/obo/ECTO_0000414,http://purl.obolibrary.org/obo/ZP_0010405,http://purl.obolibrary.org/obo/NCBITaxon_7955,EXP_355,Tanguay
http://purl.obolibrary.org/obo/ECTO_0000414,http://purl.obolibrary.org/obo/ZP_0003437,http://purl.obolibrary.org/obo/NCBITaxon_7955,EXP_356,Tanguay
http://purl.obolibrary.org/obo/ECTO_0000414,http://purl.obolibrary.org/obo/ZP_0000624,http://purl.obolibrary.org/obo/NCBITaxon_7955,EXP_357,Tanguay
http://purl.obolibrary.org/obo/ECTO_0000468,http://purl.obolibrary.org/obo/UBERON_0000071,http://purl.obolibrary.org/obo/NCBITaxon_7955,EXP_358,Tanguay
http://purl.obolibrary.org/obo/ECTO_0000468,http://purl.obolibrary.org/obo/ZP_0000102,http://purl.obolibrary.org/obo/NCBITaxon_7955,EXP_359,Tanguay
http://purl.obolibrary.org/obo/ECTO_0000468,http://purl.obolibrary.org/obo/ZP_0005012,http://purl.obolibrary.org/obo/NCBITaxon_7955,EXP_360,Tanguay
http://purl.obolibrary.org/obo/ECTO_0000468,http://purl.obolibrary.org/obo/ZP_0008271,http://purl.obolibrary.org/obo/NCBITaxon_7955,EXP_361,Tanguay
http://purl.obolibrary.org/obo/ECTO_0000468,http://purl.obolibrary.org/obo/ZP_0014550,http://purl.obolibrary.org/obo/NCBITaxon_7955,EXP_362,Tanguay
http://purl.obolibrary.org/obo/ECTO_0000468,http://purl.obolibrary.org/obo/ZP_0009598,http://purl.obolibrary.org/obo/NCBITaxon_7955,EXP_363,Tanguay
http://purl.obolibrary.org/obo/ECTO_0000468,http://purl.obolibrary.org/obo/ZP_0009266,http://purl.obolibrary.org/obo/NCBITaxon_7955,EXP_364,Tanguay
http://purl.obolibrary.org/obo/ECTO_0000468,http://purl.obolibrary.org/obo/ZP_0000100,http://purl.obolibrary.org/obo/NCBITaxon_7955,EXP_365,Tanguay
http://purl.obolibrary.org/obo/ECTO_0000468,http://purl.obolibrary.org/obo/ZP_0000055,http://purl.obolibrary.org/obo/NCBITaxon_7955,EXP_366,Tanguay
http://purl.obolibrary.org/obo/ECTO_0000468,http://purl.obolibrary.org/obo/ZP_0010405,http://purl.obolibrary.org/obo/NCBITaxon_7955,EXP_367,Tanguay
http://purl.obolibrary.org/obo/ECTO_0000468,http://purl.obolibrary.org/obo/ZP_0000624,http://purl.obolibrary.org/obo/NCBITaxon_7955,EXP_368,Tanguay
